site_lat,site_lon,model,member,experiment,period,baseline_K,future_K,delta_K,land_weighted,months,variable,baseline
41.826,-71.403,ACCESS-CM2,r1i1p1f1,ssp126,2021-2040,295.2893921004698,296.6449929833809,1.3556008829111192,True,6-7-8,tasmax,1995-2014
41.826,-71.403,ACCESS-CM2,r1i1p1f1,ssp126,2041-2060,295.2893921004698,297.6489142656053,2.359522165135502,True,6-7-8,tasmax,1995-2014
41.826,-71.403,ACCESS-CM2,r1i1p1f1,ssp126,2081-2100,295.2893921004698,297.97794598687085,2.6885538864010528,True,6-7-8,tasmax,1995-2014
41.826,-71.403,ACCESS-CM2,r1i1p1f1,ssp245,2021-2040,295.2893921004698,296.6056127883181,1.316220687848329,True,6-7-8,tasmax,1995-2014
41.826,-71.403,ACCESS-CM2,r1i1p1f1,ssp245,2041-2060,295.2893921004698,297.62221098060564,2.3328188801358465,True,6-7-8,tasmax,1995-2014
41.826,-71.403,ACCESS-CM2,r1i1p1f1,ssp245,2081-2100,295.2893921004698,298.7801237467005,3.4907316462306994,True,6-7-8,tasmax,1995-2014
41.826,-71.403,ACCESS-CM2,r1i1p1f1,ssp370,2021-2040,295.2893921004698,296.9504351766548,1.661043076185024,True,6-7-8,tasmax,1995-2014
41.826,-71.403,ACCESS-CM2,r1i1p1f1,ssp370,2041-2060,295.2893921004698,297.86823821534745,2.578846114877649,True,6-7-8,tasmax,1995-2014
41.826,-71.403,ACCESS-CM2,r1i1p1f1,ssp370,2081-2100,295.2893921004698,300.3993836987275,5.109991598257693,True,6-7-8,tasmax,1995-2014
41.826,-71.403,ACCESS-CM2,r1i1p1f1,ssp585,2021-2040,295.2893921004698,297.12166263033333,1.832270529863536,True,6-7-8,tasmax,1995-2014
41.826,-71.403,ACCESS-CM2,r1i1p1f1,ssp585,2041-2060,295.2893921004698,298.3215833035954,3.032191203125592,True,6-7-8,tasmax,1995-2014
41.826,-71.403,ACCESS-CM2,r1i1p1f1,ssp585,2081-2100,295.2893921004698,302.51855759466946,7.229165494199663,True,6-7-8,tasmax,1995-2014
41.826,-71.403,AWI-CM-1-1-MR,r1i1p1f1,ssp126,2021-2040,303.4977197813379,304.70003799393504,1.202318212597163,True,6-7-8,tasmax,1995-2014
41.826,-71.403,AWI-CM-1-1-MR,r1i1p1f1,ssp126,2041-2060,303.4977197813379,304.2968861520336,0.7991663706957297,True,6-7-8,tasmax,1995-2014
41.826,-71.403,AWI-CM-1-1-MR,r1i1p1f1,ssp126,2081-2100,303.4977197813379,305.20239480189304,1.7046750205551575,True,6-7-8,tasmax,1995-2014
41.826,-71.403,AWI-CM-1-1-MR,r1i1p1f1,ssp245,2021-2040,303.4977197813379,304.52442243653627,1.0267026551983918,True,6-7-8,tasmax,1995-2014
41.826,-71.403,AWI-CM-1-1-MR,r1i1p1f1,ssp245,2041-2060,303.4977197813379,305.41585004243314,1.918130261095257,True,6-7-8,tasmax,1995-2014
41.826,-71.403,AWI-CM-1-1-MR,r1i1p1f1,ssp245,2081-2100,303.4977197813379,306.46797329322266,2.9702535118847777,True,6-7-8,tasmax,1995-2014
41.826,-71.403,AWI-CM-1-1-MR,r1i1p1f1,ssp370,2021-2040,303.4977197813379,304.5026102777993,1.004890496461428,True,6-7-8,tasmax,1995-2014
41.826,-71.403,AWI-CM-1-1-MR,r1i1p1f1,ssp370,2041-2060,303.4977197813379,305.7872565354976,2.2895367541597125,True,6-7-8,tasmax,1995-2014
41.826,-71.403,AWI-CM-1-1-MR,r1i1p1f1,ssp370,2081-2100,303.4977197813379,308.8750775302006,5.377357748862721,True,6-7-8,tasmax,1995-2014
41.826,-71.403,AWI-CM-1-1-MR,r1i1p1f1,ssp585,2021-2040,303.4977197813379,304.4746030230055,0.976883241667622,True,6-7-8,tasmax,1995-2014
41.826,-71.403,AWI-CM-1-1-MR,r1i1p1f1,ssp585,2041-2060,303.4977197813379,306.172709991034,2.674990209696148,True,6-7-8,tasmax,1995-2014
41.826,-71.403,AWI-CM-1-1-MR,r1i1p1f1,ssp585,2081-2100,303.4977197813379,308.80971373789254,5.311993956554659,True,6-7-8,tasmax,1995-2014
41.826,-71.403,BCC-CSM2-MR,r1i1p1f1,ssp126,2021-2040,296.6938294951707,297.4235300441043,0.7297005489336357,False,6-7-8,tasmax,1995-2014
41.826,-71.403,BCC-CSM2-MR,r1i1p1f1,ssp126,2041-2060,296.6938294951707,297.9189089117898,1.22507941661911,False,6-7-8,tasmax,1995-2014
41.826,-71.403,BCC-CSM2-MR,r1i1p1f1,ssp126,2081-2100,296.6938294951707,297.6923192648071,0.9984897696364214,False,6-7-8,tasmax,1995-2014
41.826,-71.403,BCC-CSM2-MR,r1i1p1f1,ssp245,2021-2040,296.6938294951707,297.5353883145035,0.8415588193328176,False,6-7-8,tasmax,1995-2014
41.826,-71.403,BCC-CSM2-MR,r1i1p1f1,ssp245,2041-2060,296.6938294951707,298.71052114866575,2.0166916534950587,False,6-7-8,tasmax,1995-2014
41.826,-71.403,BCC-CSM2-MR,r1i1p1f1,ssp245,2081-2100,296.6938294951707,299.2477706723201,2.5539411771493974,False,6-7-8,tasmax,1995-2014
41.826,-71.403,BCC-CSM2-MR,r1i1p1f1,ssp370,2021-2040,296.6938294951707,297.413036904765,0.7192074095943326,False,6-7-8,tasmax,1995-2014
41.826,-71.403,BCC-CSM2-MR,r1i1p1f1,ssp370,2041-2060,296.6938294951707,298.30828954688656,1.6144600517158665,False,6-7-8,tasmax,1995-2014
41.826,-71.403,BCC-CSM2-MR,r1i1p1f1,ssp370,2081-2100,296.6938294951707,300.6431516609932,3.94932216582248,False,6-7-8,tasmax,1995-2014
41.826,-71.403,BCC-CSM2-MR,r1i1p1f1,ssp585,2021-2040,296.6938294951707,297.891524126948,1.1976946317772672,False,6-7-8,tasmax,1995-2014
41.826,-71.403,BCC-CSM2-MR,r1i1p1f1,ssp585,2041-2060,296.6938294951707,298.97595754804735,2.282128052876658,False,6-7-8,tasmax,1995-2014
41.826,-71.403,BCC-CSM2-MR,r1i1p1f1,ssp585,2081-2100,296.6938294951707,301.7916261048076,5.097796609636873,False,6-7-8,tasmax,1995-2014
41.826,-71.403,CNRM-CM6-1,r1i1p1f2,ssp126,2021-2040,297.3943263247912,298.9574660043112,1.5631396795199066,True,6-7-8,tasmax,1995-2014
41.826,-71.403,CNRM-CM6-1,r1i1p1f2,ssp126,2041-2060,297.3943263247912,299.1280148453786,1.73368852058735,True,6-7-8,tasmax,1995-2014
41.826,-71.403,CNRM-CM6-1,r1i1p1f2,ssp126,2081-2100,297.3943263247912,299.5579023428792,2.1635760180879515,True,6-7-8,tasmax,1995-2014
41.826,-71.403,CNRM-CM6-1,r1i1p1f2,ssp245,2021-2040,297.3943263247912,298.3095191140771,0.915192789285868,True,6-7-8,tasmax,1995-2014
41.826,-71.403,CNRM-CM6-1,r1i1p1f2,ssp245,2041-2060,297.3943263247912,299.3128798346085,1.9185535098172863,True,6-7-8,tasmax,1995-2014
41.826,-71.403,CNRM-CM6-1,r1i1p1f2,ssp245,2081-2100,297.3943263247912,300.4860122772132,3.091685952421983,True,6-7-8,tasmax,1995-2014
41.826,-71.403,CNRM-CM6-1,r1i1p1f2,ssp370,2021-2040,297.3943263247912,298.6848708305548,1.2905445057635916,True,6-7-8,tasmax,1995-2014
41.826,-71.403,CNRM-CM6-1,r1i1p1f2,ssp370,2041-2060,297.3943263247912,299.579967850824,2.185641526032782,True,6-7-8,tasmax,1995-2014
41.826,-71.403,CNRM-CM6-1,r1i1p1f2,ssp370,2081-2100,297.3943263247912,302.40381826987,5.009491945078764,True,6-7-8,tasmax,1995-2014
41.826,-71.403,CNRM-CM6-1,r1i1p1f2,ssp585,2021-2040,297.3943263247912,298.7019867350022,1.3076604102109854,True,6-7-8,tasmax,1995-2014
41.826,-71.403,CNRM-CM6-1,r1i1p1f2,ssp585,2041-2060,297.3943263247912,300.1781619840622,2.7838356592710056,True,6-7-8,tasmax,1995-2014
41.826,-71.403,CNRM-CM6-1,r1i1p1f2,ssp585,2081-2100,297.3943263247912,303.82461831125715,6.430291986465932,True,6-7-8,tasmax,1995-2014
41.826,-71.403,CNRM-CM6-1-HR,r1i1p1f2,ssp126,2021-2040,296.93389958972733,298.3586812848263,1.4247816950989431,True,6-7-8,tasmax,1995-2014
41.826,-71.403,CNRM-CM6-1-HR,r1i1p1f2,ssp126,2041-2060,296.93389958972733,299.1339114387284,2.200011849001044,True,6-7-8,tasmax,1995-2014
41.826,-71.403,CNRM-CM6-1-HR,r1i1p1f2,ssp126,2081-2100,296.93389958972733,299.1462522116866,2.212352621959269,True,6-7-8,tasmax,1995-2014
41.826,-71.403,CNRM-CM6-1-HR,r1i1p1f2,ssp245,2021-2040,296.93389958972733,298.3898026075425,1.4559030178151602,True,6-7-8,tasmax,1995-2014
41.826,-71.403,CNRM-CM6-1-HR,r1i1p1f2,ssp245,2041-2060,296.93389958972733,299.6268141534286,2.6929145637012653,True,6-7-8,tasmax,1995-2014
41.826,-71.403,CNRM-CM6-1-HR,r1i1p1f2,ssp245,2081-2100,296.93389958972733,300.7498746442089,3.815975054481555,True,6-7-8,tasmax,1995-2014
41.826,-71.403,CNRM-CM6-1-HR,r1i1p1f2,ssp370,2021-2040,296.93389958972733,298.6086335183994,1.674733928672083,True,6-7-8,tasmax,1995-2014
41.826,-71.403,CNRM-CM6-1-HR,r1i1p1f2,ssp370,2041-2060,296.93389958972733,299.71445437712475,2.780554787397421,True,6-7-8,tasmax,1995-2014
41.826,-71.403,CNRM-CM6-1-HR,r1i1p1f2,ssp370,2081-2100,296.93389958972733,302.31093000596894,5.37703041624161,True,6-7-8,tasmax,1995-2014
41.826,-71.403,CNRM-CM6-1-HR,r1i1p1f2,ssp585,2021-2040,296.93389958972733,298.3486228503294,1.4147232606020452,True,6-7-8,tasmax,1995-2014
41.826,-71.403,CNRM-CM6-1-HR,r1i1p1f2,ssp585,2041-2060,296.93389958972733,299.9728067018372,3.038907112109825,True,6-7-8,tasmax,1995-2014
41.826,-71.403,CNRM-CM6-1-HR,r1i1p1f2,ssp585,2081-2100,296.93389958972733,304.3068768749711,7.372977285243792,True,6-7-8,tasmax,1995-2014
41.826,-71.403,CNRM-ESM2-1,r1i1p1f2,ssp126,2021-2040,298.368343422654,299.325204372953,0.9568609502990172,True,6-7-8,tasmax,1995-2014
41.826,-71.403,CNRM-ESM2-1,r1i1p1f2,ssp126,2041-2060,298.368343422654,299.68688074476177,1.3185373221077723,True,6-7-8,tasmax,1995-2014
41.826,-71.403,CNRM-ESM2-1,r1i1p1f2,ssp126,2081-2100,298.368343422654,299.9798849787902,1.611541556136217,True,6-7-8,tasmax,1995-2014
41.826,-71.403,CNRM-ESM2-1,r1i1p1f2,ssp245,2021-2040,298.368343422654,299.49587382150304,1.1275303988490464,True,6-7-8,tasmax,1995-2014
41.826,-71.403,CNRM-ESM2-1,r1i1p1f2,ssp245,2041-2060,298.368343422654,299.8830713582268,1.5147279355728074,True,6-7-8,tasmax,1995-2014
41.826,-71.403,CNRM-ESM2-1,r1i1p1f2,ssp245,2081-2100,298.368343422654,301.3114206159674,2.9430771933134,True,6-7-8,tasmax,1995-2014
41.826,-71.403,CNRM-ESM2-1,r1i1p1f2,ssp370,2021-2040,298.368343422654,299.53738302404213,1.1690396013881357,True,6-7-8,tasmax,1995-2014
41.826,-71.403,CNRM-ESM2-1,r1i1p1f2,ssp370,2041-2060,298.368343422654,300.00666360944405,1.638320186790054,True,6-7-8,tasmax,1995-2014
41.826,-71.403,CNRM-ESM2-1,r1i1p1f2,ssp370,2081-2100,298.368343422654,302.7099842454325,4.341640822778516,True,6-7-8,tasmax,1995-2014
41.826,-71.403,CNRM-ESM2-1,r1i1p1f2,ssp585,2021-2040,298.368343422654,299.94726068730483,1.5789172646508405,True,6-7-8,tasmax,1995-2014
41.826,-71.403,CNRM-ESM2-1,r1i1p1f2,ssp585,2041-2060,298.368343422654,300.6826317691536,2.314288346499609,True,6-7-8,tasmax,1995-2014
41.826,-71.403,CNRM-ESM2-1,r1i1p1f2,ssp585,2081-2100,298.368343422654,304.1687778318829,5.800434409228899,True,6-7-8,tasmax,1995-2014
41.826,-71.403,CanESM5,r1i1p1f1,ssp126,2021-2040,297.5999668449036,299.15113239877934,1.5511655538757625,True,6-7-8,tasmax,1995-2014
41.826,-71.403,CanESM5,r1i1p1f1,ssp126,2041-2060,297.5999668449036,299.8360770161801,2.2361101712765503,True,6-7-8,tasmax,1995-2014
41.826,-71.403,CanESM5,r1i1p1f1,ssp126,2081-2100,297.5999668449036,299.82324685682056,2.223280011916984,True,6-7-8,tasmax,1995-2014
41.826,-71.403,CanESM5,r1i1p1f1,ssp245,2021-2040,297.5999668449036,299.4128213089101,1.8128544640065345,True,6-7-8,tasmax,1995-2014
41.826,-71.403,CanESM5,r1i1p1f1,ssp245,2041-2060,297.5999668449036,300.1275737869395,2.527606942035902,True,6-7-8,tasmax,1995-2014
41.826,-71.403,CanESM5,r1i1p1f1,ssp245,2081-2100,297.5999668449036,301.7670317010695,4.167064856165951,True,6-7-8,tasmax,1995-2014
41.826,-71.403,CanESM5,r1i1p1f1,ssp370,2021-2040,297.5999668449036,299.5293380698093,1.929371224905708,True,6-7-8,tasmax,1995-2014
41.826,-71.403,CanESM5,r1i1p1f1,ssp370,2041-2060,297.5999668449036,301.4032960232153,3.803329178311742,True,6-7-8,tasmax,1995-2014
41.826,-71.403,CanESM5,r1i1p1f1,ssp370,2081-2100,297.5999668449036,304.5034910187349,6.903524173831329,True,6-7-8,tasmax,1995-2014
41.826,-71.403,CanESM5,r1i1p1f1,ssp585,2021-2040,297.5999668449036,299.4989523147685,1.898985469864897,True,6-7-8,tasmax,1995-2014
41.826,-71.403,CanESM5,r1i1p1f1,ssp585,2041-2060,297.5999668449036,301.1966848005563,3.596717955652707,True,6-7-8,tasmax,1995-2014
41.826,-71.403,CanESM5,r1i1p1f1,ssp585,2081-2100,297.5999668449036,305.2279274294056,7.627960584502034,True,6-7-8,tasmax,1995-2014
41.826,-71.403,CanESM5-CanOE,r1i1p2f1,ssp126,2021-2040,297.5596204391394,299.008536779474,1.4489163403345628,True,6-7-8,tasmax,1995-2014
41.826,-71.403,CanESM5-CanOE,r1i1p2f1,ssp126,2041-2060,297.5596204391394,299.6095556749705,2.0499352358311285,True,6-7-8,tasmax,1995-2014
41.826,-71.403,CanESM5-CanOE,r1i1p2f1,ssp126,2081-2100,297.5596204391394,299.659059930379,2.0994394912395933,True,6-7-8,tasmax,1995-2014
41.826,-71.403,CanESM5-CanOE,r1i1p2f1,ssp245,2021-2040,297.5596204391394,299.43379135280134,1.874170913661942,True,6-7-8,tasmax,1995-2014
41.826,-71.403,CanESM5-CanOE,r1i1p2f1,ssp245,2041-2060,297.5596204391394,300.2531525187094,2.693532079569991,True,6-7-8,tasmax,1995-2014
41.826,-71.403,CanESM5-CanOE,r1i1p2f1,ssp245,2081-2100,297.5596204391394,301.47654688374456,3.916926444605167,True,6-7-8,tasmax,1995-2014
41.826,-71.403,CanESM5-CanOE,r1i1p2f1,ssp370,2021-2040,297.5596204391394,299.55041903826907,1.9907985991296755,True,6-7-8,tasmax,1995-2014
41.826,-71.403,CanESM5-CanOE,r1i1p2f1,ssp370,2041-2060,297.5596204391394,301.4398560917288,3.88023565258942,True,6-7-8,tasmax,1995-2014
41.826,-71.403,CanESM5-CanOE,r1i1p2f1,ssp370,2081-2100,297.5596204391394,304.8358222932003,7.276201854060901,True,6-7-8,tasmax,1995-2014
41.826,-71.403,CanESM5-CanOE,r1i1p2f1,ssp585,2021-2040,297.5596204391394,299.6004287240248,2.0408082848853724,True,6-7-8,tasmax,1995-2014
41.826,-71.403,CanESM5-CanOE,r1i1p2f1,ssp585,2041-2060,297.5596204391394,301.41954125658384,3.859920817444447,True,6-7-8,tasmax,1995-2014
41.826,-71.403,CanESM5-CanOE,r1i1p2f1,ssp585,2081-2100,297.5596204391394,305.21240894497413,7.652788505834735,True,6-7-8,tasmax,1995-2014
41.826,-71.403,EC-Earth3,r1i1p1f1,ssp126,2021-2040,297.30847688323894,298.7600211315309,1.4515442482919525,True,6-7-8,tasmax,1995-2014
41.826,-71.403,EC-Earth3,r1i1p1f1,ssp126,2041-2060,297.30847688323894,298.84896504701663,1.5404881637776953,True,6-7-8,tasmax,1995-2014
41.826,-71.403,EC-Earth3,r1i1p1f1,ssp126,2081-2100,297.30847688323894,298.5366157159905,1.22813883275154,True,6-7-8,tasmax,1995-2014
41.826,-71.403,EC-Earth3,r1i1p1f1,ssp245,2021-2040,297.30847688323894,298.49638075701114,1.1879038737722,True,6-7-8,tasmax,1995-2014
41.826,-71.403,EC-Earth3,r1i1p1f1,ssp245,2041-2060,297.30847688323894,299.29079385232706,1.9823169690881173,True,6-7-8,tasmax,1995-2014
41.826,-71.403,EC-Earth3,r1i1p1f1,ssp245,2081-2100,297.30847688323894,299.8490720733452,2.5405951901062167,True,6-7-8,tasmax,1995-2014
41.826,-71.403,EC-Earth3,r1i1p1f1,ssp370,2021-2040,297.30847688323894,298.61200087166685,1.3035239884279122,True,6-7-8,tasmax,1995-2014
41.826,-71.403,EC-Earth3,r1i1p1f1,ssp370,2041-2060,297.30847688323894,299.076267904938,1.767791021699054,True,6-7-8,tasmax,1995-2014
41.826,-71.403,EC-Earth3,r1i1p1f1,ssp370,2081-2100,297.30847688323894,301.6787655708796,4.370288687640652,True,6-7-8,tasmax,1995-2014
41.826,-71.403,EC-Earth3,r1i1p1f1,ssp585,2021-2040,297.30847688323894,298.6590624044369,1.3505855211979565,True,6-7-8,tasmax,1995-2014
41.826,-71.403,EC-Earth3,r1i1p1f1,ssp585,2041-2060,297.30847688323894,300.06898291574527,2.760506032506328,True,6-7-8,tasmax,1995-2014
41.826,-71.403,EC-Earth3,r1i1p1f1,ssp585,2081-2100,297.30847688323894,303.1403399063145,5.831863023075584,True,6-7-8,tasmax,1995-2014
41.826,-71.403,EC-Earth3-Veg,r1i1p1f1,ssp126,2021-2040,297.65710015307764,298.2392783231518,0.582178170074144,True,6-7-8,tasmax,1995-2014
41.826,-71.403,EC-Earth3-Veg,r1i1p1f1,ssp126,2041-2060,297.65710015307764,298.7255923766585,1.0684922235808472,True,6-7-8,tasmax,1995-2014
41.826,-71.403,EC-Earth3-Veg,r1i1p1f1,ssp126,2081-2100,297.65710015307764,298.6369374812659,0.9798373281882392,True,6-7-8,tasmax,1995-2014
41.826,-71.403,EC-Earth3-Veg,r1i1p1f1,ssp245,2021-2040,297.65710015307764,298.1362991940821,0.4791990410044491,True,6-7-8,tasmax,1995-2014
41.826,-71.403,EC-Earth3-Veg,r1i1p1f1,ssp245,2041-2060,297.65710015307764,298.6218692166944,0.9647690636167569,True,6-7-8,tasmax,1995-2014
41.826,-71.403,EC-Earth3-Veg,r1i1p1f1,ssp245,2081-2100,297.65710015307764,300.2744395677076,2.617339414629953,True,6-7-8,tasmax,1995-2014
41.826,-71.403,EC-Earth3-Veg,r1i1p1f1,ssp370,2021-2040,297.65710015307764,298.68000587008373,1.022905717006097,True,6-7-8,tasmax,1995-2014
41.826,-71.403,EC-Earth3-Veg,r1i1p1f1,ssp370,2041-2060,297.65710015307764,298.981099606764,1.3239994536863264,True,6-7-8,tasmax,1995-2014
41.826,-71.403,EC-Earth3-Veg,r1i1p1f1,ssp370,2081-2100,297.65710015307764,301.48966897145294,3.8325688183753073,True,6-7-8,tasmax,1995-2014
41.826,-71.403,EC-Earth3-Veg,r1i1p1f1,ssp585,2021-2040,297.65710015307764,298.59334698109666,0.9362468280190228,True,6-7-8,tasmax,1995-2014
41.826,-71.403,EC-Earth3-Veg,r1i1p1f1,ssp585,2041-2060,297.65710015307764,299.7194233924266,2.0623232393489843,True,6-7-8,tasmax,1995-2014
41.826,-71.403,EC-Earth3-Veg,r1i1p1f1,ssp585,2081-2100,297.65710015307764,303.09555295367414,5.438452800596508,True,6-7-8,tasmax,1995-2014
41.826,-71.403,EC-Earth3-Veg-LR,r1i1p1f1,ssp126,2021-2040,296.46971301345945,297.09319289978066,0.6234798863212063,True,6-7-8,tasmax,1995-2014
41.826,-71.403,EC-Earth3-Veg-LR,r1i1p1f1,ssp126,2041-2060,296.46971301345945,297.9653446131842,1.4956315997247316,True,6-7-8,tasmax,1995-2014
41.826,-71.403,EC-Earth3-Veg-LR,r1i1p1f1,ssp126,2081-2100,296.46971301345945,297.1312844337619,0.6615714203024368,True,6-7-8,tasmax,1995-2014
41.826,-71.403,EC-Earth3-Veg-LR,r1i1p1f1,ssp245,2021-2040,296.46971301345945,297.152875139518,0.6831621260585621,True,6-7-8,tasmax,1995-2014
41.826,-71.403,EC-Earth3-Veg-LR,r1i1p1f1,ssp245,2041-2060,296.46971301345945,297.80607584921967,1.3363628357602124,True,6-7-8,tasmax,1995-2014
41.826,-71.403,EC-Earth3-Veg-LR,r1i1p1f1,ssp245,2081-2100,296.46971301345945,299.23403641646524,2.7643234030057897,True,6-7-8,tasmax,1995-2014
41.826,-71.403,EC-Earth3-Veg-LR,r1i1p1f1,ssp370,2021-2040,296.46971301345945,297.25788463896987,0.7881716255104152,True,6-7-8,tasmax,1995-2014
41.826,-71.403,EC-Earth3-Veg-LR,r1i1p1f1,ssp370,2041-2060,296.46971301345945,297.5008509938892,1.031137980429719,True,6-7-8,tasmax,1995-2014
41.826,-71.403,EC-Earth3-Veg-LR,r1i1p1f1,ssp370,2081-2100,296.46971301345945,299.809766688419,3.340053674959563,True,6-7-8,tasmax,1995-2014
41.826,-71.403,EC-Earth3-Veg-LR,r1i1p1f1,ssp585,2021-2040,296.46971301345945,297.13862672983885,0.668913716379393,True,6-7-8,tasmax,1995-2014
41.826,-71.403,EC-Earth3-Veg-LR,r1i1p1f1,ssp585,2041-2060,296.46971301345945,297.93473579275394,1.465022779294486,True,6-7-8,tasmax,1995-2014
41.826,-71.403,EC-Earth3-Veg-LR,r1i1p1f1,ssp585,2081-2100,296.46971301345945,301.2546139903659,4.784900976906442,True,6-7-8,tasmax,1995-2014
41.826,-71.403,FGOALS-g3,r1i1p1f1,ssp126,2021-2040,296.49239522403303,297.0638749832421,0.571479759209069,True,6-7-8,tasmax,1995-2014
41.826,-71.403,FGOALS-g3,r1i1p1f1,ssp126,2041-2060,296.49239522403303,297.31452117807595,0.8221259540429173,True,6-7-8,tasmax,1995-2014
41.826,-71.403,FGOALS-g3,r1i1p1f1,ssp126,2081-2100,296.49239522403303,296.7132000112198,0.2208047871867506,True,6-7-8,tasmax,1995-2014
41.826,-71.403,FGOALS-g3,r1i1p1f1,ssp245,2021-2040,296.49239522403303,297.4462737744325,0.9538785503994518,True,6-7-8,tasmax,1995-2014
41.826,-71.403,FGOALS-g3,r1i1p1f1,ssp245,2041-2060,296.49239522403303,298.0527997913604,1.560404567327339,True,6-7-8,tasmax,1995-2014
41.826,-71.403,FGOALS-g3,r1i1p1f1,ssp245,2081-2100,296.49239522403303,298.2172103096076,1.724815085574562,True,6-7-8,tasmax,1995-2014
41.826,-71.403,FGOALS-g3,r1i1p1f1,ssp370,2021-2040,296.49239522403303,297.26759715219134,0.7752019281583102,True,6-7-8,tasmax,1995-2014
41.826,-71.403,FGOALS-g3,r1i1p1f1,ssp370,2041-2060,296.49239522403303,297.96530736769347,1.472912143660437,True,6-7-8,tasmax,1995-2014
41.826,-71.403,FGOALS-g3,r1i1p1f1,ssp370,2081-2100,296.49239522403303,298.6501700441165,2.157774820083489,True,6-7-8,tasmax,1995-2014
41.826,-71.403,FGOALS-g3,r1i1p1f1,ssp585,2021-2040,296.49239522403303,297.4985973783234,1.0062021542903494,True,6-7-8,tasmax,1995-2014
41.826,-71.403,FGOALS-g3,r1i1p1f1,ssp585,2041-2060,296.49239522403303,298.42291293436546,1.930517710332424,True,6-7-8,tasmax,1995-2014
41.826,-71.403,FGOALS-g3,r1i1p1f1,ssp585,2081-2100,296.49239522403303,299.51557041726534,3.023175193232305,True,6-7-8,tasmax,1995-2014
41.826,-71.403,GFDL-ESM4,r1i1p1f1,ssp126,2021-2040,296.1817045453925,297.0326828557096,0.8509783103170889,True,6-7-8,tasmax,1995-2014
41.826,-71.403,GFDL-ESM4,r1i1p1f1,ssp126,2041-2060,296.1817045453925,297.42915307629863,1.2474485309061265,True,6-7-8,tasmax,1995-2014
41.826,-71.403,GFDL-ESM4,r1i1p1f1,ssp126,2081-2100,296.1817045453925,297.42308299970296,1.2413784543104498,True,6-7-8,tasmax,1995-2014
41.826,-71.403,GFDL-ESM4,r1i1p1f1,ssp245,2021-2040,296.1817045453925,296.97790520873446,0.7962006633419492,True,6-7-8,tasmax,1995-2014
41.826,-71.403,GFDL-ESM4,r1i1p1f1,ssp245,2041-2060,296.1817045453925,297.50248160598284,1.3207770605903306,True,6-7-8,tasmax,1995-2014
41.826,-71.403,GFDL-ESM4,r1i1p1f1,ssp245,2081-2100,296.1817045453925,298.57944272407065,2.3977381786781398,True,6-7-8,tasmax,1995-2014
41.826,-71.403,GFDL-ESM4,r1i1p1f1,ssp370,2021-2040,296.1817045453925,296.698200295016,0.5164957496235161,True,6-7-8,tasmax,1995-2014
41.826,-71.403,GFDL-ESM4,r1i1p1f1,ssp370,2041-2060,296.1817045453925,297.8700439295853,1.6883393841927727,True,6-7-8,tasmax,1995-2014
41.826,-71.403,GFDL-ESM4,r1i1p1f1,ssp370,2081-2100,296.1817045453925,299.7131650223532,3.5314604769606603,True,6-7-8,tasmax,1995-2014
41.826,-71.403,GFDL-ESM4,r1i1p1f1,ssp585,2021-2040,296.1817045453925,296.91904407107006,0.7373395256775552,True,6-7-8,tasmax,1995-2014
41.826,-71.403,GFDL-ESM4,r1i1p1f1,ssp585,2041-2060,296.1817045453925,297.8228208815342,1.6411163361416925,True,6-7-8,tasmax,1995-2014
41.826,-71.403,GFDL-ESM4,r1i1p1f1,ssp585,2081-2100,296.1817045453925,300.4493917710909,4.26768722569841,True,6-7-8,tasmax,1995-2014
41.826,-71.403,GISS-E2-1-G,r1i1p3f1,ssp126,2021-2040,299.03890704664434,300.05958528159164,1.0206782349472974,False,6-7-8,tasmax,1995-2014
41.826,-71.403,GISS-E2-1-G,r1i1p3f1,ssp126,2041-2060,299.03890704664434,300.50812260893923,1.4692155622948917,False,6-7-8,tasmax,1995-2014
41.826,-71.403,GISS-E2-1-G,r1i1p3f1,ssp126,2081-2100,299.03890704664434,300.49265121674944,1.4537441701050966,False,6-7-8,tasmax,1995-2014
41.826,-71.403,GISS-E2-1-G,r1i1p3f1,ssp245,2021-2040,299.03890704664434,299.6030911038424,0.5641840571980765,False,6-7-8,tasmax,1995-2014
41.826,-71.403,GISS-E2-1-G,r1i1p3f1,ssp245,2041-2060,299.03890704664434,300.32307184757,1.2841648009256232,False,6-7-8,tasmax,1995-2014
41.826,-71.403,GISS-E2-1-G,r1i1p3f1,ssp245,2081-2100,299.03890704664434,300.74742259061617,1.7085155439718278,False,6-7-8,tasmax,1995-2014
41.826,-71.403,GISS-E2-1-G,r1i1p3f1,ssp370,2021-2040,299.03890704664434,299.8313177286625,0.7924106820182146,False,6-7-8,tasmax,1995-2014
41.826,-71.403,GISS-E2-1-G,r1i1p3f1,ssp370,2041-2060,299.03890704664434,300.184301382256,1.1453943356116838,False,6-7-8,tasmax,1995-2014
41.826,-71.403,GISS-E2-1-G,r1i1p3f1,ssp370,2081-2100,299.03890704664434,301.09755970010457,2.0586526534602285,False,6-7-8,tasmax,1995-2014
41.826,-71.403,GISS-E2-1-G,r1i1p3f1,ssp585,2021-2040,299.03890704664434,300.00647738357964,0.967570336935296,False,6-7-8,tasmax,1995-2014
41.826,-71.403,GISS-E2-1-G,r1i1p3f1,ssp585,2041-2060,299.03890704664434,300.8805338145978,1.8416267679534712,False,6-7-8,tasmax,1995-2014
41.826,-71.403,GISS-E2-1-G,r1i1p3f1,ssp585,2081-2100,299.03890704664434,302.0259570245542,2.9870499779098623,False,6-7-8,tasmax,1995-2014
41.826,-71.403,INM-CM4-8,r1i1p1f1,ssp126,2021-2040,297.9256841023763,298.30618947347006,0.3805053710937613,True,6-7-8,tasmax,1995-2014
41.826,-71.403,INM-CM4-8,r1i1p1f1,ssp126,2041-2060,297.9256841023763,298.83182118733725,0.9061370849609602,True,6-7-8,tasmax,1995-2014
41.826,-71.403,INM-CM4-8,r1i1p1f1,ssp126,2081-2100,297.9256841023763,298.7298522949219,0.8041681925456032,True,6-7-8,tasmax,1995-2014
41.826,-71.403,INM-CM4-8,r1i1p1f1,ssp245,2021-2040,297.9256841023763,298.7167383829753,0.7910542805989849,True,6-7-8,tasmax,1995-2014
41.826,-71.403,INM-CM4-8,r1i1p1f1,ssp245,2041-2060,297.9256841023763,298.74731292724607,0.8216288248697765,True,6-7-8,tasmax,1995-2014
41.826,-71.403,INM-CM4-8,r1i1p1f1,ssp245,2081-2100,297.9256841023763,299.22468617757164,1.2990020751953466,True,6-7-8,tasmax,1995-2014
41.826,-71.403,INM-CM4-8,r1i1p1f1,ssp370,2021-2040,297.9256841023763,298.2767979939779,0.3511138916015852,True,6-7-8,tasmax,1995-2014
41.826,-71.403,INM-CM4-8,r1i1p1f1,ssp370,2041-2060,297.9256841023763,299.0586675008138,1.1329833984374886,True,6-7-8,tasmax,1995-2014
41.826,-71.403,INM-CM4-8,r1i1p1f1,ssp370,2081-2100,297.9256841023763,300.33541310628254,2.40972900390625,True,6-7-8,tasmax,1995-2014
41.826,-71.403,INM-CM4-8,r1i1p1f1,ssp585,2021-2040,297.9256841023763,298.5867619832357,0.6610778808594091,True,6-7-8,tasmax,1995-2014
41.826,-71.403,INM-CM4-8,r1i1p1f1,ssp585,2041-2060,297.9256841023763,299.2806009928385,1.3549168904622206,True,6-7-8,tasmax,1995-2014
41.826,-71.403,INM-CM4-8,r1i1p1f1,ssp585,2081-2100,297.9256841023763,301.0858149210612,3.160130818684877,True,6-7-8,tasmax,1995-2014
41.826,-71.403,INM-CM5-0,r1i1p1f1,ssp126,2021-2040,297.27975107828775,298.00069427490234,0.7209431966145985,True,6-7-8,tasmax,1995-2014
41.826,-71.403,INM-CM5-0,r1i1p1f1,ssp126,2041-2060,297.27975107828775,298.5241994222005,1.2444483439127794,True,6-7-8,tasmax,1995-2014
41.826,-71.403,INM-CM5-0,r1i1p1f1,ssp126,2081-2100,297.27975107828775,298.2247126261393,0.9449615478515624,True,6-7-8,tasmax,1995-2014
41.826,-71.403,INM-CM5-0,r1i1p1f1,ssp245,2021-2040,297.27975107828775,298.1728225708008,0.8930714925130587,True,6-7-8,tasmax,1995-2014
41.826,-71.403,INM-CM5-0,r1i1p1f1,ssp245,2041-2060,297.27975107828775,298.6792994181315,1.3995483398437614,True,6-7-8,tasmax,1995-2014
41.826,-71.403,INM-CM5-0,r1i1p1f1,ssp245,2081-2100,297.27975107828775,299.48043365478514,2.2006825764974,True,6-7-8,tasmax,1995-2014
41.826,-71.403,INM-CM5-0,r1i1p1f1,ssp370,2021-2040,297.27975107828775,298.3088862101237,1.0291351318359716,True,6-7-8,tasmax,1995-2014
41.826,-71.403,INM-CM5-0,r1i1p1f1,ssp370,2041-2060,297.27975107828775,298.9273646036784,1.647613525390625,True,6-7-8,tasmax,1995-2014
41.826,-71.403,INM-CM5-0,r1i1p1f1,ssp370,2081-2100,297.27975107828775,300.13130238850914,2.851551310221396,True,6-7-8,tasmax,1995-2014
41.826,-71.403,INM-CM5-0,r1i1p1f1,ssp585,2021-2040,297.27975107828775,298.6731012980144,1.3933502197265852,True,6-7-8,tasmax,1995-2014
41.826,-71.403,INM-CM5-0,r1i1p1f1,ssp585,2041-2060,297.27975107828775,299.0150502522786,1.7352991739908816,True,6-7-8,tasmax,1995-2014
41.826,-71.403,INM-CM5-0,r1i1p1f1,ssp585,2081-2100,297.27975107828775,300.63385009765625,3.3540990193685047,True,6-7-8,tasmax,1995-2014
41.826,-71.403,IPSL-CM6A-LR,r1i1p1f1,ssp126,2021-2040,299.1629293510816,299.9583200373919,0.795390686310327,True,6-7-8,tasmax,1995-2014
41.826,-71.403,IPSL-CM6A-LR,r1i1p1f1,ssp126,2041-2060,299.1629293510816,300.7826738893111,1.619744538229554,True,6-7-8,tasmax,1995-2014
41.826,-71.403,IPSL-CM6A-LR,r1i1p1f1,ssp126,2081-2100,299.1629293510816,300.6641396251623,1.5012102740807336,True,6-7-8,tasmax,1995-2014
41.826,-71.403,IPSL-CM6A-LR,r1i1p1f1,ssp245,2021-2040,299.1629293510816,299.99297771475506,0.8300483636734839,True,6-7-8,tasmax,1995-2014
41.826,-71.403,IPSL-CM6A-LR,r1i1p1f1,ssp245,2041-2060,299.1629293510816,301.32814453581045,2.165215184728879,True,6-7-8,tasmax,1995-2014
41.826,-71.403,IPSL-CM6A-LR,r1i1p1f1,ssp245,2081-2100,299.1629293510816,302.5210205364875,3.3580911854059536,True,6-7-8,tasmax,1995-2014
41.826,-71.403,IPSL-CM6A-LR,r1i1p1f1,ssp370,2021-2040,299.1629293510816,299.8295703344986,0.6666409834170395,True,6-7-8,tasmax,1995-2014
41.826,-71.403,IPSL-CM6A-LR,r1i1p1f1,ssp370,2041-2060,299.1629293510816,301.2804069536846,2.117477602603003,True,6-7-8,tasmax,1995-2014
41.826,-71.403,IPSL-CM6A-LR,r1i1p1f1,ssp370,2081-2100,299.1629293510816,304.1800611555179,5.017131804436303,True,6-7-8,tasmax,1995-2014
41.826,-71.403,IPSL-CM6A-LR,r1i1p1f1,ssp585,2021-2040,299.1629293510816,300.040688764355,0.8777594132734521,True,6-7-8,tasmax,1995-2014
41.826,-71.403,IPSL-CM6A-LR,r1i1p1f1,ssp585,2041-2060,299.1629293510816,301.9098203847932,2.74689103371162,True,6-7-8,tasmax,1995-2014
41.826,-71.403,IPSL-CM6A-LR,r1i1p1f1,ssp585,2081-2100,299.1629293510816,306.4224932859574,7.259563934875814,True,6-7-8,tasmax,1995-2014
41.826,-71.403,KACE-1-0-G,r1i1p1f1,ssp126,2021-2040,297.462517921546,300.0963879778074,2.633870056261401,False,6-7-8,tasmax,1995-2014
41.826,-71.403,KACE-1-0-G,r1i1p1f1,ssp126,2041-2060,297.462517921546,300.2145018064057,2.751983884859669,False,6-7-8,tasmax,1995-2014
41.826,-71.403,KACE-1-0-G,r1i1p1f1,ssp126,2081-2100,297.462517921546,300.0862907405981,2.6237728190520784,False,6-7-8,tasmax,1995-2014
41.826,-71.403,KACE-1-0-G,r1i1p1f1,ssp245,2021-2040,297.462517921546,299.39901307260067,1.9364951510546573,False,6-7-8,tasmax,1995-2014
41.826,-71.403,KACE-1-0-G,r1i1p1f1,ssp245,2041-2060,297.462517921546,300.424122808214,2.961604886667999,False,6-7-8,tasmax,1995-2014
41.826,-71.403,KACE-1-0-G,r1i1p1f1,ssp245,2081-2100,297.462517921546,299.8070411639559,2.3445232424098776,False,6-7-8,tasmax,1995-2014
41.826,-71.403,KACE-1-0-G,r1i1p1f1,ssp370,2021-2040,297.462517921546,299.6787429187088,2.216224997162783,False,6-7-8,tasmax,1995-2014
41.826,-71.403,KACE-1-0-G,r1i1p1f1,ssp370,2041-2060,297.462517921546,300.97803158676084,3.515513665214826,False,6-7-8,tasmax,1995-2014
41.826,-71.403,KACE-1-0-G,r1i1p1f1,ssp370,2081-2100,297.462517921546,301.98473263806954,4.522214716523536,False,6-7-8,tasmax,1995-2014
41.826,-71.403,KACE-1-0-G,r1i1p1f1,ssp585,2021-2040,297.462517921546,299.8041693493054,2.341651427759416,False,6-7-8,tasmax,1995-2014
41.826,-71.403,KACE-1-0-G,r1i1p1f1,ssp585,2041-2060,297.462517921546,301.0975761331466,3.635058211600608,False,6-7-8,tasmax,1995-2014
41.826,-71.403,KACE-1-0-G,r1i1p1f1,ssp585,2081-2100,297.462517921546,304.58958146363653,7.127063542090525,False,6-7-8,tasmax,1995-2014
41.826,-71.403,MIROC-ES2L,r1i1p1f2,ssp126,2021-2040,300.89876464009404,301.9377482861046,1.0389836460105355,True,6-7-8,tasmax,1995-2014
41.826,-71.403,MIROC-ES2L,r1i1p1f2,ssp126,2041-2060,300.89876464009404,302.0340030583096,1.135238418215522,True,6-7-8,tasmax,1995-2014
41.826,-71.403,MIROC-ES2L,r1i1p1f2,ssp126,2081-2100,300.89876464009404,301.95914219963043,1.0603775595363911,True,6-7-8,tasmax,1995-2014
41.826,-71.403,MIROC-ES2L,r1i1p1f2,ssp245,2021-2040,300.89876464009404,301.5904023220181,0.6916376819240782,True,6-7-8,tasmax,1995-2014
41.826,-71.403,MIROC-ES2L,r1i1p1f2,ssp245,2041-2060,300.89876464009404,302.2694468362139,1.3706821961198443,True,6-7-8,tasmax,1995-2014
41.826,-71.403,MIROC-ES2L,r1i1p1f2,ssp245,2081-2100,300.89876464009404,303.2652369166803,2.3664722765862507,True,6-7-8,tasmax,1995-2014
41.826,-71.403,MIROC-ES2L,r1i1p1f2,ssp370,2021-2040,300.89876464009404,301.8200364972118,0.9212718571177448,True,6-7-8,tasmax,1995-2014
41.826,-71.403,MIROC-ES2L,r1i1p1f2,ssp370,2041-2060,300.89876464009404,301.91776676091433,1.0190021208202893,True,6-7-8,tasmax,1995-2014
41.826,-71.403,MIROC-ES2L,r1i1p1f2,ssp370,2081-2100,300.89876464009404,303.96522557881417,3.0664609387201267,True,6-7-8,tasmax,1995-2014
41.826,-71.403,MIROC-ES2L,r1i1p1f2,ssp585,2021-2040,300.89876464009404,301.61975514758285,0.720990507488807,True,6-7-8,tasmax,1995-2014
41.826,-71.403,MIROC-ES2L,r1i1p1f2,ssp585,2041-2060,300.89876464009404,303.28619968228327,2.3874350421892245,True,6-7-8,tasmax,1995-2014
41.826,-71.403,MIROC-ES2L,r1i1p1f2,ssp585,2081-2100,300.89876464009404,305.2627348338467,4.363970193752664,True,6-7-8,tasmax,1995-2014
41.826,-71.403,MIROC6,r1i1p1f1,ssp126,2021-2040,300.0329626653942,301.05172244202123,1.0187597766270071,True,6-7-8,tasmax,1995-2014
41.826,-71.403,MIROC6,r1i1p1f1,ssp126,2041-2060,300.0329626653942,301.4840311545989,1.4510684892046584,True,6-7-8,tasmax,1995-2014
41.826,-71.403,MIROC6,r1i1p1f1,ssp126,2081-2100,300.0329626653942,301.840043810825,1.8070811454308,True,6-7-8,tasmax,1995-2014
41.826,-71.403,MIROC6,r1i1p1f1,ssp245,2021-2040,300.0329626653942,301.196556120957,1.1635934555627614,True,6-7-8,tasmax,1995-2014
41.826,-71.403,MIROC6,r1i1p1f1,ssp245,2041-2060,300.0329626653942,301.628646897174,1.595684231779785,True,6-7-8,tasmax,1995-2014
41.826,-71.403,MIROC6,r1i1p1f1,ssp245,2081-2100,300.0329626653942,302.5157080368441,2.48274537144988,True,6-7-8,tasmax,1995-2014
41.826,-71.403,MIROC6,r1i1p1f1,ssp370,2021-2040,300.0329626653942,301.21689310358965,1.183930438195432,True,6-7-8,tasmax,1995-2014
41.826,-71.403,MIROC6,r1i1p1f1,ssp370,2041-2060,300.0329626653942,302.54534571730466,2.512383051910433,True,6-7-8,tasmax,1995-2014
41.826,-71.403,MIROC6,r1i1p1f1,ssp370,2081-2100,300.0329626653942,304.8480517539232,4.815089088528964,True,6-7-8,tasmax,1995-2014
41.826,-71.403,MIROC6,r1i1p1f1,ssp585,2021-2040,300.0329626653942,300.5776431441474,0.5446804787531505,True,6-7-8,tasmax,1995-2014
41.826,-71.403,MIROC6,r1i1p1f1,ssp585,2041-2060,300.0329626653942,302.1008865058411,2.0679238404468947,True,6-7-8,tasmax,1995-2014
41.826,-71.403,MIROC6,r1i1p1f1,ssp585,2081-2100,300.0329626653942,304.726582073344,4.693619407949768,True,6-7-8,tasmax,1995-2014
41.826,-71.403,MPI-ESM1-2-HR,r1i1p1f1,ssp126,2021-2040,297.6717331490003,298.29982583641714,0.6280926874168244,True,6-7-8,tasmax,1995-2014
41.826,-71.403,MPI-ESM1-2-HR,r1i1p1f1,ssp126,2041-2060,297.6717331490003,298.4497787519537,0.778045602953398,True,6-7-8,tasmax,1995-2014
41.826,-71.403,MPI-ESM1-2-HR,r1i1p1f1,ssp126,2081-2100,297.6717331490003,298.8287275399692,1.1569943909688618,True,6-7-8,tasmax,1995-2014
41.826,-71.403,MPI-ESM1-2-HR,r1i1p1f1,ssp245,2021-2040,297.6717331490003,298.6137260902852,0.941992941284866,True,6-7-8,tasmax,1995-2014
41.826,-71.403,MPI-ESM1-2-HR,r1i1p1f1,ssp245,2041-2060,297.6717331490003,299.20524011378546,1.533506964785147,True,6-7-8,tasmax,1995-2014
41.826,-71.403,MPI-ESM1-2-HR,r1i1p1f1,ssp245,2081-2100,297.6717331490003,300.0773269624221,2.405593813421774,True,6-7-8,tasmax,1995-2014
41.826,-71.403,MPI-ESM1-2-HR,r1i1p1f1,ssp370,2021-2040,297.6717331490003,298.4002110642776,0.7284779152772671,True,6-7-8,tasmax,1995-2014
41.826,-71.403,MPI-ESM1-2-HR,r1i1p1f1,ssp370,2041-2060,297.6717331490003,299.60515642720907,1.9334232782087497,True,6-7-8,tasmax,1995-2014
41.826,-71.403,MPI-ESM1-2-HR,r1i1p1f1,ssp370,2081-2100,297.6717331490003,301.83674727093046,4.165014121930142,True,6-7-8,tasmax,1995-2014
41.826,-71.403,MPI-ESM1-2-HR,r1i1p1f1,ssp585,2021-2040,297.6717331490003,298.70191885607835,1.030185707078033,True,6-7-8,tasmax,1995-2014
41.826,-71.403,MPI-ESM1-2-HR,r1i1p1f1,ssp585,2041-2060,297.6717331490003,299.4731797957087,1.8014466467083707,True,6-7-8,tasmax,1995-2014
41.826,-71.403,MPI-ESM1-2-HR,r1i1p1f1,ssp585,2081-2100,297.6717331490003,302.6896945861548,5.01796143715444,True,6-7-8,tasmax,1995-2014
41.826,-71.403,MPI-ESM1-2-LR,r1i1p1f1,ssp126,2021-2040,296.35504270100915,297.0394249527995,0.6843822517903391,True,6-7-8,tasmax,1995-2014
41.826,-71.403,MPI-ESM1-2-LR,r1i1p1f1,ssp126,2041-2060,296.35504270100915,297.3245147884115,0.9694720874023232,True,6-7-8,tasmax,1995-2014
41.826,-71.403,MPI-ESM1-2-LR,r1i1p1f1,ssp126,2081-2100,296.35504270100915,297.3425322786458,0.9874895776366656,True,6-7-8,tasmax,1995-2014
41.826,-71.403,MPI-ESM1-2-LR,r1i1p1f1,ssp245,2021-2040,296.35504270100915,297.384547191569,1.029504490559873,True,6-7-8,tasmax,1995-2014
41.826,-71.403,MPI-ESM1-2-LR,r1i1p1f1,ssp245,2041-2060,296.35504270100915,297.9337638053385,1.578721104329361,True,6-7-8,tasmax,1995-2014
41.826,-71.403,MPI-ESM1-2-LR,r1i1p1f1,ssp245,2081-2100,296.35504270100915,298.58576820475264,2.2307255037434857,True,6-7-8,tasmax,1995-2014
41.826,-71.403,MPI-ESM1-2-LR,r1i1p1f1,ssp370,2021-2040,296.35504270100915,297.23305072998045,0.8780080289712942,True,6-7-8,tasmax,1995-2014
41.826,-71.403,MPI-ESM1-2-LR,r1i1p1f1,ssp370,2041-2060,296.35504270100915,298.5357855737305,2.180742872721339,True,6-7-8,tasmax,1995-2014
41.826,-71.403,MPI-ESM1-2-LR,r1i1p1f1,ssp370,2081-2100,296.35504270100915,300.8942663948567,4.539223693847532,True,6-7-8,tasmax,1995-2014
41.826,-71.403,MPI-ESM1-2-LR,r1i1p1f1,ssp585,2021-2040,296.35504270100915,297.04678742513016,0.6917447241210084,True,6-7-8,tasmax,1995-2014
41.826,-71.403,MPI-ESM1-2-LR,r1i1p1f1,ssp585,2041-2060,296.35504270100915,298.147700785319,1.792658084309835,True,6-7-8,tasmax,1995-2014
41.826,-71.403,MPI-ESM1-2-LR,r1i1p1f1,ssp585,2081-2100,296.35504270100915,301.37111244222007,5.016069741210913,True,6-7-8,tasmax,1995-2014
41.826,-71.403,MRI-ESM2-0,r1i1p1f1,ssp126,2021-2040,298.10570430360093,299.0847026046838,0.9789983010828678,True,6-7-8,tasmax,1995-2014
41.826,-71.403,MRI-ESM2-0,r1i1p1f1,ssp126,2041-2060,298.10570430360093,299.6025331650277,1.4968288614268204,True,6-7-8,tasmax,1995-2014
41.826,-71.403,MRI-ESM2-0,r1i1p1f1,ssp126,2081-2100,298.10570430360093,299.0474940395319,0.9417897359309676,True,6-7-8,tasmax,1995-2014
41.826,-71.403,MRI-ESM2-0,r1i1p1f1,ssp245,2021-2040,298.10570430360093,299.310617239676,1.2049129360750612,True,6-7-8,tasmax,1995-2014
41.826,-71.403,MRI-ESM2-0,r1i1p1f1,ssp245,2041-2060,298.10570430360093,299.87576561662075,1.7700613130198235,True,6-7-8,tasmax,1995-2014
41.826,-71.403,MRI-ESM2-0,r1i1p1f1,ssp245,2081-2100,298.10570430360093,300.26380689812873,2.1581025945278043,True,6-7-8,tasmax,1995-2014
41.826,-71.403,MRI-ESM2-0,r1i1p1f1,ssp370,2021-2040,298.10570430360093,299.4135476778812,1.307843374280253,True,6-7-8,tasmax,1995-2014
41.826,-71.403,MRI-ESM2-0,r1i1p1f1,ssp370,2041-2060,298.10570430360093,300.23378252083046,2.128078217229529,True,6-7-8,tasmax,1995-2014
41.826,-71.403,MRI-ESM2-0,r1i1p1f1,ssp370,2081-2100,298.10570430360093,301.3705165041118,3.264812200510846,True,6-7-8,tasmax,1995-2014
41.826,-71.403,MRI-ESM2-0,r1i1p1f1,ssp585,2021-2040,298.10570430360093,299.6930078329218,1.5873035293208773,True,6-7-8,tasmax,1995-2014
41.826,-71.403,MRI-ESM2-0,r1i1p1f1,ssp585,2041-2060,298.10570430360093,300.36721965573685,2.261515352135916,True,6-7-8,tasmax,1995-2014
41.826,-71.403,MRI-ESM2-0,r1i1p1f1,ssp585,2081-2100,298.10570430360093,302.23151165540463,4.125807351803701,True,6-7-8,tasmax,1995-2014
41.826,-71.403,UKESM1-0-LL,r1i1p1f2,ssp126,2021-2040,295.9794234774828,298.29471991320645,2.315296435723667,False,6-7-8,tasmax,1995-2014
41.826,-71.403,UKESM1-0-LL,r1i1p1f2,ssp126,2041-2060,295.9794234774828,298.952901336875,2.973477859392233,False,6-7-8,tasmax,1995-2014
41.826,-71.403,UKESM1-0-LL,r1i1p1f2,ssp126,2081-2100,295.9794234774828,299.378354029851,3.398930552368199,False,6-7-8,tasmax,1995-2014
41.826,-71.403,UKESM1-0-LL,r1i1p1f2,ssp245,2021-2040,295.9794234774828,298.5382621224704,2.558838644987645,False,6-7-8,tasmax,1995-2014
41.826,-71.403,UKESM1-0-LL,r1i1p1f2,ssp245,2041-2060,295.9794234774828,299.6145089431185,3.635085465635712,False,6-7-8,tasmax,1995-2014
41.826,-71.403,UKESM1-0-LL,r1i1p1f2,ssp245,2081-2100,295.9794234774828,301.3806663622475,5.401242884764713,False,6-7-8,tasmax,1995-2014
41.826,-71.403,UKESM1-0-LL,r1i1p1f2,ssp370,2021-2040,295.9794234774828,298.8354378618425,2.856014384359696,False,6-7-8,tasmax,1995-2014
41.826,-71.403,UKESM1-0-LL,r1i1p1f2,ssp370,2041-2060,295.9794234774828,300.16408184405657,4.184658366573785,False,6-7-8,tasmax,1995-2014
41.826,-71.403,UKESM1-0-LL,r1i1p1f2,ssp370,2081-2100,295.9794234774828,304.3394063849334,8.359982907450615,False,6-7-8,tasmax,1995-2014
41.826,-71.403,UKESM1-0-LL,r1i1p1f2,ssp585,2021-2040,295.9794234774828,298.6493375658409,2.669914088358098,False,6-7-8,tasmax,1995-2014
41.826,-71.403,UKESM1-0-LL,r1i1p1f2,ssp585,2041-2060,295.9794234774828,300.969182618266,4.989759140783235,False,6-7-8,tasmax,1995-2014
41.826,-71.403,UKESM1-0-LL,r1i1p1f2,ssp585,2081-2100,295.9794234774828,305.1968942477104,9.217470770227637,False,6-7-8,tasmax,1995-2014
