Variable,Scenario,Increment,Direction,Area,N_Cells,Avg_Var_Change,Direct_Delta_Mean,Indirect_Delta_Mean,Total_Delta_Mean,Total_Delta_Std,DAG_Global_Delta,MGWR_Coeff_Mean,Lit_Per_Unit,Coeff_Source,Physics_Lit_Coeff,Physics_Direction
Pct_Canopy,Pct_Canopy_plus_5,5.0,increase,All,54701,4.830097621615693,-0.1070549065812092,-0.02301609703151742,-0.1300710036127266,0.07792868054068892,-0.23412299707377315,-0.0007383043350737696,-0.028000000000000004,mgwr_causal_anchored,-0.28,cooling
Pct_Canopy,Pct_Canopy_plus_10,10.0,increase,All,54701,9.597928191440742,-0.2127304820699197,-0.04566484225791905,-0.25837301428644177,0.15427539476294724,-0.4682459941475463,-0.0007383043350737696,-0.028000000000000004,mgwr_causal_anchored,-0.28,cooling
Pct_Canopy,Pct_Canopy_plus_15,15.0,increase,All,54701,14.299299098736768,-0.35976129769159343,-0.07726381834097876,-0.43681212121240465,0.25072688053577025,-0.7023689912213193,-0.0007383043350737696,-0.028000000000000004,mgwr_causal_anchored,-0.28,cooling
Pct_Canopy,Pct_Canopy_plus_20,20.0,increase,All,54701,18.926760753916746,-0.41937600441355444,-0.09009523613921962,-0.5091129822925755,0.2884489818593624,-0.9364919882950926,-0.0007383043350737696,-0.028000000000000004,mgwr_causal_anchored,-0.28,cooling
Pct_Canopy,Pct_Canopy_plus_25,25.0,increase,All,54701,23.47158223798468,-0.46422282088769445,-0.09974575709683003,-0.5635198150618907,0.31701735734026676,-1.1706149853688659,-0.0007383043350737696,-0.028000000000000004,mgwr_causal_anchored,-0.28,cooling
Pct_Canopy,Pct_Canopy_plus_30,30.0,increase,All,54701,27.92665417451235,-0.5012487672069933,-0.1077018861394114,-0.6084235497327001,0.340753837216344,-1.4047379824426387,-0.0007383043350737696,-0.028000000000000004,mgwr_causal_anchored,-0.28,cooling
Pct_Canopy,Pct_Canopy_plus_35,35.0,increase,All,54701,32.27529972029762,-0.5330809064621972,-0.11454054989042434,-0.6469830193035915,0.3611907085673077,-1.638860979516412,-0.0007383043350737696,-0.028000000000000004,mgwr_causal_anchored,-0.28,cooling
Pct_Canopy,Pct_Canopy_plus_40,40.0,increase,All,54701,36.51496206650701,-0.5611247831485316,-0.12056118563171908,-0.6808149989833624,0.37860294140019235,-1.8729839765901852,-0.0007383043350737696,-0.028000000000000004,mgwr_causal_anchored,-0.28,cooling
Pct_Canopy,Pct_Canopy_plus_45,45.0,increase,All,54701,40.63071241842013,-0.5861021549850873,-0.1259328549354794,-0.7109088357577391,0.3938773253191935,-2.1071069736639583,-0.0007383043350737696,-0.028000000000000004,mgwr_causal_anchored,-0.28,cooling
Pct_Canopy,Pct_Canopy_plus_50,50.0,increase,All,54701,44.60838887771704,-0.6085048434560975,-0.13076402468251128,-0.7379160647856756,0.4076097899439204,-2.3412299707377318,-0.0007383043350737696,-0.028000000000000004,mgwr_causal_anchored,-0.28,cooling
Pct_Impervious,Pct_Impervious_minus_5,5.0,decrease,All,54701,-4.5103250397616135,-0.097290592177568,-0.0009889004933867273,-0.09827949267095473,0.07299625945873171,-0.11323938121388655,0.0017148631060698398,0.033,mgwr_causal_anchored,0.33,warming
Pct_Impervious,Pct_Impervious_minus_10,10.0,decrease,All,54701,-8.945567722710736,-0.19266986980342532,-0.001962060798827842,-0.19463193060225317,0.1449663041791835,-0.2264787624277731,0.0017148631060698398,0.033,mgwr_causal_anchored,0.33,warming
Pct_Impervious,Pct_Impervious_minus_15,15.0,decrease,All,54701,-13.306351437816494,-0.3253697413764048,-0.003318171978695934,-0.3286876552352292,0.2450602974561346,-0.33971814364165964,0.0017148631060698398,0.033,mgwr_causal_anchored,0.33,warming
Pct_Impervious,Pct_Impervious_minus_20,20.0,decrease,All,54701,-17.5856649787024,-0.3786633537999084,-0.0038679115779033406,-0.38253028957148566,0.2816949793994503,-0.4529575248555462,0.0017148631060698398,0.033,mgwr_causal_anchored,0.33,warming
Pct_Impervious,Pct_Impervious_minus_25,25.0,decrease,All,54701,-21.76625015996051,-0.41832026050123755,-0.004279626578532373,-0.42259828947465905,0.307622539888138,-0.5661969060694328,0.0017148631060698398,0.033,mgwr_causal_anchored,0.33,warming
Pct_Impervious,Pct_Impervious_minus_30,30.0,decrease,All,54701,-25.852966673369774,-0.4508940689107655,-0.004619227676596497,-0.45551128763994536,0.3288619885624539,-0.6794362872833193,0.0017148631060698398,0.033,mgwr_causal_anchored,0.33,warming
Pct_Impervious,Pct_Impervious_minus_35,35.0,decrease,All,54701,-29.834888941701248,-0.4787638625988809,-0.00491084646174227,-0.4836723714227174,0.34698932980237107,-0.7926756684972058,0.0017148631060698398,0.033,mgwr_causal_anchored,0.33,warming
Pct_Impervious,Pct_Impervious_minus_40,40.0,decrease,All,54701,-33.699801100528326,-0.5031374391164631,-0.005167869382080358,-0.5083026071563659,0.36288550792087754,-0.9059150497110924,0.0017148631060698398,0.033,mgwr_causal_anchored,0.33,warming
Pct_Impervious,Pct_Impervious_minus_45,45.0,decrease,All,54701,-37.42891446225846,-0.524708323828664,-0.005396806225546765,-0.5301016092493355,0.3770291505527923,-1.019154430924979,0.0017148631060698398,0.033,mgwr_causal_anchored,0.33,warming
Pct_Impervious,Pct_Impervious_minus_50,50.0,decrease,All,54701,-41.00411966874462,-0.5439203644009437,-0.0056021129726933775,-0.5495165489654179,0.3896983658154424,-1.1323938121388657,0.0017148631060698398,0.033,mgwr_causal_anchored,0.33,warming
Albedo,Albedo_plus_0p05,0.05,increase,All,54701,0.04950024437123635,-0.0980817562135363,0.0,-0.0980817562135363,0.14224063369103643,-0.13795071723992822,-1.9725220775438248,-2.3,mgwr,-0.23,cooling
Albedo,Albedo_plus_0p1,0.1,increase,All,54701,0.09911665767901869,-0.1957059385888845,0.0,-0.1957059385888845,0.282722474055109,-0.27590143447985643,-1.9725220775438248,-2.3,mgwr,-0.23,cooling
Albedo,Albedo_plus_0p15,0.15,increase,All,54701,0.14847980774826783,-0.3303319671169893,0.0,-0.3303319671169893,0.4604875711040152,-0.4138521517197847,-1.9725220775438248,-2.3,mgwr,-0.23,cooling
Albedo,Albedo_plus_0p2,0.2,increase,All,54701,0.1973967115984169,-0.38418691039155173,0.0,-0.38418691039155173,0.5278902397885966,-0.5518028689597129,-1.9725220775438248,-2.3,mgwr,-0.23,cooling
Albedo,Albedo_plus_0p25,0.25,increase,All,54701,0.24510576126189648,-0.4233162403882471,0.0,-0.4233162403882471,0.5745706449447521,-0.6897535861996411,-1.9725220775438248,-2.3,mgwr,-0.23,cooling
Albedo,Albedo_plus_0p3,0.3,increase,All,54701,0.285461191940257,-0.45037651787452704,0.0,-0.45037651787452704,0.605518629537519,-0.8277043034395694,-1.9725220775438248,-2.3,mgwr,-0.23,cooling
Albedo,Albedo_plus_0p35,0.35,increase,All,54701,0.29699377632513113,-0.4576217869957316,0.0,-0.4576217869957316,0.613520474218072,-0.9656550206794975,-1.9725220775438248,-2.3,mgwr,-0.23,cooling
Albedo,Albedo_plus_0p4,0.4,increase,All,54701,0.29797206024352385,-0.45795358410032966,0.0,-0.45795358410032966,0.6137361916662852,-1.1036057379194257,-1.9725220775438248,-2.3,mgwr,-0.23,cooling
