OBJECTID,Location
2665,BioMed
10291,BioMed
39345,BioMed
31761,BioMed
34782,BioMed
34203,BioMed
40164,BioMed
18963,BioMed
2622,BioMed
10428,BioMed
36095,BioMed
6152,BioMed
39342,BioMed
18592,BioMed
33479,BioMed
13453,BioMed
15166,BioMed
9418,BioMed
34360,BioMed
41601,BioMed
12359,BioMed
41971,BioMed
2919,BioMed
19598,BioMed
15777,BioMed
9876,BioMed
41197,BioMed
21152,BioMed
22483,BioMed
36454,BioMed
18552,BioMed
8334,BioMed
14051,BioMed
40153,BioMed
7030,BioMed
2120,BioMed
25156,BioMed
26310,BioMed
39051,BioMed
40491,BioMed
31728,BioMed
39621,BioMed
31109,BioMed
29788,BioMed
33922,BioMed
23948,BioMed
5572,BioMed
40904,BioMed
40765,BioMed
1203,BioMed
24729,BioMed
14008,BioMed
41882,BioMed
23635,BioMed
9562,BioMed
3626,BioMed
36032,BioMed
39280,BioMed
6535,BioMed
40036,BioMed
37073,BioMed
17755,BioMed
42534,BioMed
29635,BioMed
15177,BioMed
3206,BioMed
24650,BioMed
39857,BioMed
18674,BioMed
39770,BioMed
42025,BioMed
32338,BioMed
39434,BioMed
39220,BioMed
495,BioMed
41344,BioMed
3406,BioMed
14028,BioMed
15599,BioMed
32329,BioMed
42575,BioMed
33172,BioMed
34641,BioMed
41818,BioMed
15421,BioMed
29199,BioMed
37503,BioMed
8690,BioMed
31791,BioMed
9337,Athletics
15834,Athletics
25348,Athletics
10156,Athletics
39000,Athletics
36297,Athletics
32647,Athletics
38835,Athletics
1523,Athletics
8633,Athletics
38667,Athletics
41030,Athletics
8974,Athletics
30521,Athletics
38832,Athletics
5975,Athletics
16532,Athletics
21103,Athletics
39419,Athletics
33116,Athletics
39571,Athletics
9802,Athletics
21122,Athletics
29375,Athletics
37209,Athletics
14790,Athletics
3197,Athletics
28641,Athletics
42850,Athletics
32463,Athletics
36723,Athletics
34740,Athletics
25318,Athletics
18008,Athletics
34858,Athletics
35838,Athletics
33096,Athletics
22219,Athletics
31253,Athletics
8862,Athletics
36904,Athletics
33493,Athletics
38487,Athletics
4137,Athletics
31740,Athletics
37870,Athletics
1380,Athletics
691,Athletics
29956,Athletics
40514,Athletics
27282,Athletics
26697,Athletics
37226,Athletics
29901,Athletics
27391,Athletics
41724,Athletics
35832,Athletics
42031,Athletics
23990,Athletics
33247,Athletics
13992,Athletics
30908,Athletics
36429,Athletics
28394,Athletics
15227,Athletics
37344,Athletics
40089,Athletics
16758,Athletics
34308,Athletics
23803,Athletics
21432,Athletics
29895,Athletics
613,Athletics
525,Athletics
24645,Athletics
7593,Athletics
35873,Athletics
41713,Athletics
22261,Athletics
33156,Athletics
35358,Athletics
26518,Athletics
25624,Athletics
17427,Athletics
42992,Athletics
41291,Athletics
20656,Athletics
42036,Athletics
6697,Athletics
17379,Athletics
22497,Athletics
1478,Athletics
37494,Athletics
37135,Athletics
32723,Athletics
31969,Athletics
3830,Athletics
38716,Athletics
3539,Athletics
40739,Athletics
31952,Athletics
9895,Athletics
3089,Athletics
27001,Athletics
13345,Athletics
30899,Athletics
28902,Athletics
40649,Athletics
42085,Athletics
27638,Athletics
639,Athletics
2516,Athletics
5320,Athletics
40994,Athletics
57,Athletics
38013,Athletics
2917,Athletics
26219,Athletics
18090,Athletics
1807,Athletics
12358,Athletics
23591,Athletics
1984,Athletics
31975,Athletics
31738,Athletics
8254,Athletics
29738,Athletics
39269,Athletics
8676,Athletics
9898,Athletics
1222,Athletics
41582,Athletics
7267,Athletics
34617,Athletics
32893,Athletics
24742,Athletics
21962,Athletics
35792,Athletics
33168,Athletics
23845,Athletics
31138,Athletics
18044,Athletics
33768,Athletics
35629,Athletics
10220,Athletics
36548,Athletics
6707,Athletics
34369,Athletics
4896,Athletics
9594,Athletics
7103,Athletics
42049,Athletics
42278,Athletics
38588,Athletics
33946,Athletics
43431,Athletics
40127,Athletics
14755,Athletics
30519,Athletics
43934,Athletics
44279,Athletics
15549,Athletics
16297,Athletics
30435,Athletics
5059,Athletics
13779,Athletics
18159,Athletics
2091,Athletics
28008,Athletics
35105,Athletics
9761,Athletics
43532,Athletics
23335,Athletics
19226,Athletics
7642,Athletics
14030,Athletics
32844,Athletics
29446,Athletics
7944,Athletics
41706,Athletics
43730,Athletics
19827,Athletics
42550,Athletics
21818,Athletics
34611,Athletics
38391,Athletics
18413,Athletics
18641,Athletics
42936,Athletics
19458,Athletics
11841,Athletics
37623,Athletics
10619,Athletics
22192,Athletics
34545,Athletics
20128,Athletics
21739,Athletics
19853,Athletics
26312,Athletics
37868,Athletics
38912,Athletics
16384,Athletics
24544,Athletics
44099,Athletics
19190,Athletics
24208,Athletics
34248,Athletics
1785,Athletics
31088,Athletics
35524,Athletics
10331,Athletics
44778,Athletics
38738,Athletics
36350,Athletics
39982,Athletics
3133,Athletics
7250,Athletics
40344,Athletics
35488,Athletics
32569,Athletics
38191,Athletics
45163,Athletics
29540,Residential
29348,Residential
13397,Residential
32002,Residential
21403,Residential
3073,Residential
19307,Residential
37070,Residential
2552,Residential
22504,Residential
12226,Residential
23277,Residential
32082,Residential
11602,Residential
983,Residential
15022,Residential
22238,Residential
18517,Residential
27366,Residential
35143,Residential
11275,Residential
38340,Residential
35095,Residential
30119,Residential
9052,Residential
6615,Residential
36172,Residential
27420,Residential
21517,Residential
17436,Residential
6161,Residential
9981,Residential
13844,Residential
33780,Residential
9676,Residential
27501,Residential
30707,Residential
725,Residential
8104,Residential
15582,Residential
12473,Residential
36127,Residential
32550,Residential
27061,Residential
5258,Residential
27941,Residential
22271,Residential
5069,Residential
33373,Residential
37051,Residential
8269,Residential
1624,Residential
23900,Residential
25886,Residential
25191,Residential
14499,Residential
29270,Residential
27647,Residential
20743,Residential
2984,Residential
33627,Residential
3605,Residential
37838,Residential
12336,Residential
9063,Residential
34433,Residential
1964,Residential
10505,Residential
38111,Residential
582,Residential
29955,Residential
31518,Residential
26264,Residential
31758,Residential
14601,Residential
8529,Residential
12482,Residential
39064,Residential
19834,Residential
33612,Residential
24204,Residential
9077,Residential
32114,Residential
17332,Residential
5181,Residential
24572,Residential
11091,Residential
4701,Residential
30846,Residential
27682,Residential
9631,Residential
34110,Residential
19718,Residential
21792,Residential
1749,Residential
34298,Residential
3735,Residential
5952,Residential
14118,Residential
32099,Residential
13129,Residential
18213,Residential
16224,Residential
724,Residential
8770,Residential
34932,Residential
8804,Jewlery_District
6568,Jewlery_District
4712,Jewlery_District
8457,Jewlery_District
20168,Jewlery_District
19495,Jewlery_District
782,Jewlery_District
16086,Jewlery_District
14797,Jewlery_District
13152,Jewlery_District
18327,Jewlery_District
16807,Jewlery_District
17520,Jewlery_District
12019,Jewlery_District
3647,Jewlery_District
7858,Jewlery_District
15770,Jewlery_District
17488,Jewlery_District
26753,Jewlery_District
6241,Jewlery_District
27288,Jewlery_District
19243,Jewlery_District
29194,Jewlery_District
9265,Jewlery_District
22145,Jewlery_District
32295,Jewlery_District
29192,Jewlery_District
28244,Jewlery_District
3407,Jewlery_District
6291,Jewlery_District
32421,Jewlery_District
29693,Jewlery_District
23459,Jewlery_District
9161,Jewlery_District
23746,Jewlery_District
14616,Jewlery_District
13213,Jewlery_District
14812,Jewlery_District
19572,Jewlery_District
32664,Jewlery_District
5426,Jewlery_District
28871,Jewlery_District
23178,Jewlery_District
11884,Jewlery_District
10371,Jewlery_District
14486,Jewlery_District
11924,Jewlery_District
20329,Jewlery_District
14701,Jewlery_District
1245,Jewlery_District
29344,Jewlery_District
16298,Jewlery_District
18630,Jewlery_District
14310,Jewlery_District
13306,Jewlery_District
30235,Jewlery_District
5288,Jewlery_District
29315,Jewlery_District
27843,Jewlery_District
21012,Jewlery_District
26498,Jewlery_District
31866,Jewlery_District
31988,Jewlery_District
23553,Jewlery_District
24377,Jewlery_District
26637,Jewlery_District
20274,Jewlery_District
25756,Jewlery_District
25472,Jewlery_District
7949,Jewlery_District
6619,Jewlery_District
33325,Jewlery_District
33537,Jewlery_District
29028,Jewlery_District
4011,Jewlery_District
17305,Jewlery_District
2064,Jewlery_District
9955,Jewlery_District
30577,Jewlery_District
23069,Jewlery_District
10024,Jewlery_District
26321,Jewlery_District
8375,Jewlery_District
22443,Jewlery_District
8015,Jewlery_District
26233,Jewlery_District
9037,Jewlery_District
4456,Jewlery_District
27349,Jewlery_District
17030,Jewlery_District
34117,Jewlery_District
17377,Jewlery_District
16717,Jewlery_District
3670,Jewlery_District
11858,Jewlery_District
30260,Jewlery_District
11989,Jewlery_District
3863,Jewlery_District
23497,Jewlery_District
6854,Jewlery_District
25219,Jewlery_District
30790,Jewlery_District
10181,Jewlery_District
15821,Jewlery_District
33999,Jewlery_District
31748,Jewlery_District
2049,Jewlery_District
64,Jewlery_District
21174,Jewlery_District
32418,Jewlery_District
7372,Jewlery_District
15444,Jewlery_District
21713,Jewlery_District
13519,Jewlery_District
15663,Jewlery_District
1694,Jewlery_District
23952,Jewlery_District
1066,Jewlery_District
9199,Jewlery_District
3079,Jewlery_District
12419,Jewlery_District
25514,Jewlery_District
8849,Jewlery_District
17081,Jewlery_District
30727,Jewlery_District
19364,Jewlery_District
7978,Jewlery_District
31729,Jewlery_District
5387,Jewlery_District
34156,Jewlery_District
33446,Jewlery_District
11861,Jewlery_District
23425,Jewlery_District
34591,Jewlery_District
30596,Jewlery_District
16435,Jewlery_District
6934,Jewlery_District
2412,Jewlery_District
31315,Jewlery_District
2317,Jewlery_District
637,Jewlery_District
26766,Jewlery_District
33815,Jewlery_District
24926,Jewlery_District
16754,Jewlery_District
3997,Jewlery_District
23717,Jewlery_District
26838,Jewlery_District
6178,Jewlery_District
34555,Jewlery_District
33253,Jewlery_District
17461,Jewlery_District
5072,Jewlery_District
16133,Jewlery_District
29880,Jewlery_District
10556,Jewlery_District
15061,Jewlery_District
35008,Jewlery_District
5116,Jewlery_District
14621,Jewlery_District
21874,Jewlery_District
16907,Jewlery_District
33954,Jewlery_District
32650,Jewlery_District
6362,Jewlery_District
22883,Jewlery_District
33194,Jewlery_District
16851,Jewlery_District
13522,Jewlery_District
32924,Jewlery_District
3372,Jewlery_District
2474,Jewlery_District
26272,Jewlery_District
27197,Jewlery_District
26083,Jewlery_District
23729,Jewlery_District
7728,Jewlery_District
6190,Jewlery_District
9787,Jewlery_District
35915,Jewlery_District
19476,Jewlery_District
13692,Jewlery_District
10445,Jewlery_District
10998,Jewlery_District
33093,Jewlery_District
24938,Jewlery_District
15742,Jewlery_District
12777,Jewlery_District
25686,Jewlery_District
21873,Jewlery_District
31589,Jewlery_District
10953,Jewlery_District
3027,Jewlery_District
9969,Jewlery_District
9728,Jewlery_District
30315,Jewlery_District
83,Jewlery_District
26228,Jewlery_District
25225,Jewlery_District
2067,Jewlery_District
10116,Jewlery_District
17830,Jewlery_District
6029,Jewlery_District
9267,Jewlery_District
1369,Jewlery_District
6870,Jewlery_District
30106,Jewlery_District
11309,Jewlery_District
32570,Jewlery_District
31178,Jewlery_District
23086,Jewlery_District
21368,Jewlery_District
25887,Jewlery_District
28349,Jewlery_District
27780,Jewlery_District
25673,Jewlery_District
13492,Jewlery_District
27880,Jewlery_District
13322,Jewlery_District
17722,Jewlery_District
9020,Jewlery_District
11749,Jewlery_District
7603,Jewlery_District
7546,Jewlery_District
460,Jewlery_District
20798,Jewlery_District
11518,Jewlery_District
29112,Jewlery_District
9687,Jewlery_District
31842,Jewlery_District
11909,Jewlery_District
17090,Jewlery_District
33611,Jewlery_District
10644,Jewlery_District
32119,Jewlery_District
10567,Jewlery_District
4604,Jewlery_District
20311,Jewlery_District
16323,Jewlery_District
31200,Jewlery_District
12235,Jewlery_District
18263,Jewlery_District
30940,Jewlery_District
33377,Jewlery_District
2278,Jewlery_District
1789,Jewlery_District
33573,Jewlery_District
33748,Jewlery_District
8515,Jewlery_District
4186,Jewlery_District
31412,Jewlery_District
35586,Jewlery_District
8737,Jewlery_District
34453,Jewlery_District
35816,Jewlery_District
10311,Jewlery_District
8618,Jewlery_District
28378,Jewlery_District
20594,Jewlery_District
10451,Jewlery_District
10613,Jewlery_District
7442,Jewlery_District
18155,Jewlery_District
32913,Jewlery_District
26827,Jewlery_District
30676,Jewlery_District
20241,Jewlery_District
33662,Jewlery_District
19078,Jewlery_District
5321,Jewlery_District
5422,Jewlery_District
35845,Jewlery_District
28568,Jewlery_District
10777,Jewlery_District
36225,Jewlery_District
29627,Jewlery_District
18815,Jewlery_District
28267,Jewlery_District
13551,Jewlery_District
19473,Jewlery_District
